#,doi:10.1371/journal.pone.0000870.s006,,,Height-dbh parameters,,,Crown shape parameters,,,,,
Code,Common name,genus,species_epithet,a_dbh,a_drc,b,Tj,Tj_05,Tj_95,Vbias,Vbias_05,Vbias_95
10,fir sp.,Abies,sp.,0.04542,-0.1215,0.8117,NA,NA,NA,NA,NA,NA
11,Pacific silver fir,Abies,amabilis,-0.09029,-0.1208,0.8955,0.264,0.247,0.272,-4.15,-5.18,-2.52
12,balsam fir,Abies,balsamea,0.1203,-0.1211,0.783,0.278,0.276,0.286,-4.01,-4.19,-3.42
14,Santa Lucia fir,Abies,bracteata,0.04535,-0.1197,0.8127,NA,NA,NA,NA,NA,NA
15,white fir,Abies,concolor,0.03303,-0.1204,0.7735,0.236,0.236,0.244,2.326,2.134,2.98
16,Fraser fir,Abies,fraseri,0.0954,-0.1206,0.8304,NA,NA,NA,NA,NA,NA
17,grand fir,Abies,grandis,0.04658,-0.1208,0.7875,0.292,0.291,0.308,-4.74,-5.3,-1.91
18,corkbark fir,Abies,lasiocarpa  var arizonica,0.007404,-0.1211,0.8805,0.177,0.166,0.216,-4.35,-5.33,2.743
19,subalpine fir,Abies,lasiocarpa,0.01819,-0.1206,0.8281,0.181,0.18,0.189,-1.26,-1.93,-1.08
20,California red fir,Abies,magnifica,0.0511,-0.1193,0.7997,0.181,0.168,0.182,2.754,2.668,3.933
21,Shasta red fir,Abies,magnifica  varshastensis,0.00518,-0.1211,0.805,0.193,0.157,0.201,2.44,-1.26,3.214
22,noble fir,Abies,procera,-0.04889,-0.1209,0.8581,0.286,0.261,0.309,-0.75,-1.85,1.382
41,Port-Orford-cedar,Chamaecyparis,lawsoniana,0.2136,-0.1208,0.6974,0.196,0.187,0.212,-2.54,-3.19,-2.34
42,Alaska yellow-cedar,Chamaecyparis,nootkatensis,0.1417,-0.1203,0.6981,0.202,0.172,0.276,-3.69,-7.9,-0.35
43,Atlantic white-cedar,Chamaecyparis,thyoides,0.2216,-0.1193,0.7052,0.959,0.632,0.992,0.45,-1.11,0.456
50,cypress,Cupressus,sp.,0.1507,-0.1198,0.633,NA,NA,NA,NA,NA,NA
51,Arizona cypress,Cupressus,arizonica,0.1278,-0.1212,0.5825,0.766,0.027,0.983,-3.59,-7.71,7.636
52,Baker cypress,Cupressus,bakeri,0.1512,-0.1216,0.6328,NA,NA,NA,NA,NA,NA
53,Tecate cypress,Cupressus,guadalupensis  var forbesii,0.1511,-0.121,0.6332,NA,NA,NA,NA,NA,NA
54,Monterey cypress,Cupressus,macrocarpa,0.1508,-0.1211,0.6332,0.813,0.045,0.987,-4.08,-7.44,4.808
55,Sargent cypress,Cupressus,sargentii,0.1506,-0.1208,0.6338,NA,NA,NA,NA,NA,NA
57,Juniperus sp.,Juniperus,sp.,0.2223,-0.1444,0.5253,0.288,0.227,0.603,-6.33,-7.73,0.833
58,Pinchot juniper,Juniperus,pinchotii,0.2369,-0.1443,0.5471,NA,NA,NA,NA,NA,NA
59,redberry juniper,Juniperus,coahuilensis,0.2375,-0.1216,0.5534,0.74,0.033,0.992,-5.41,-7.32,7.311
60,common juniper,Juniperus,communis,0.2372,-0.1437,0.5475,NA,NA,NA,NA,NA,NA
61,Ashe juniper,Juniperus,ashei,0.2366,-0.1436,0.5478,NA,NA,NA,NA,NA,NA
62,California juniper,Juniperus,californica,0.2372,-0.2514,0.5088,NA,NA,NA,NA,NA,NA
63,alligator juniper,Juniperus,deppeana,0.2376,-0.1031,0.594,0.167,0.064,0.949,3.311,-7.98,6.794
64,western juniper,Juniperus,occidentalis,0.2167,-0.1443,0.5037,0.015,0,0.158,2.884,2.453,3.271
65,Utah juniper,Juniperus,osteosperma,0.2369,-0.1376,0.4802,NA,NA,NA,NA,NA,NA
66,Rocky Mountain juniper,Juniperus,scopulorum,0.2368,-0.1522,0.5566,0.716,0.028,0.967,6.081,-7.81,7.69
67,southern redcedar,Juniperus,silicicola,0.2869,-0.1455,0.5825,0.305,0.211,0.388,-6.49,-6.96,1.187
68,eastern redcedar,Juniperus,virginiana,0.3195,-0.1442,0.5537,0.38,0.364,0.391,-3.32,-3.99,-2.85
69,oneseed juniper,Juniperus,monosperma,0.2719,-0.1228,0.482,0.394,0.09,0.977,-5.91,-7.79,7.753
70,larch (introduced),Larix,sp.,0.2406,-0.12,0.69,0.389,0.35,0.643,-2.96,-7.74,6.538
71,tamarack (native),Larix,laricina,0.3045,-0.1195,0.6559,0.308,0.308,0.333,-0.44,-1.02,-0.18
72,subalpine larch,Larix,lyallii,0.1993,-0.1201,0.6666,0.225,0.182,0.266,4.17,-2.25,5.742
73,western larch,Larix,occidentalis,0.316,-0.1208,0.7169,0.344,0.316,0.344,7.975,7.687,7.992
81,incense-cedar,Calocedrus,decurrens,0.05112,-0.1211,0.7242,0.24,0.236,0.252,0.05,-0.14,0.926
90,spruce sp.,Picea,sp.,0.1509,-0.1213,0.7353,0.536,0.081,0.963,2.876,-7.3,6.346
91,Norway spruce,Picea,abies,0.2259,-0.1213,0.7156,0.282,0.268,0.318,-4.34,-4.46,-3.32
92,Brewer spruce,Picea,breweriana,0.1505,-0.1219,0.7355,NA,NA,NA,NA,NA,NA
93,Engelmann spruce,Picea,engelmannii,0.06969,-0.1234,0.7796,0.208,0.203,0.211,2.971,2.345,2.972
94,white spruce,Picea,glauca,0.1404,-0.1206,0.7354,0.278,0.272,0.296,-3.85,-4,-3.06
95,black-spruce,Picea,mariana,0.175,-0.1214,0.7487,0.201,0.2,0.212,-0.86,-1.23,-0.45
96,blue spruce,Picea,pungens,0.1241,-0.1208,0.7326,0.227,0.197,0.255,-3.39,-4.27,-0.93
97,red-spruce,Picea,rubens,0.1309,-0.1225,0.7555,0.324,0.319,0.338,-2.42,-2.75,-2.08
98,Sitka spruce,Picea,sitchensis,0.1663,-0.1203,0.724,0.316,0.296,0.328,-5.51,-6.87,-3.51
101,whitebark pine,Pinus,albicaulis,0.09986,-0.1386,0.708,0.29,0.243,0.305,3.726,3.045,4.703
102,bristlecone pine,Pinus,aristata,0.1664,-0.1405,0.5661,0.32,0.272,0.329,-3.02,-7.85,-1.36
103,knobcone pine,Pinus,attenuata,0.1899,-0.1392,0.6954,0.329,0.263,0.339,2.308,1.481,2.72
104,foxtail pine,Pinus,balfouriana,0.1771,-0.1394,0.6896,NA,NA,NA,NA,NA,NA
105,jack pine,Pinus,banksiana,0.223,-0.1403,0.6828,0.342,0.342,0.381,1.559,0.967,2.348
106,common pinyon,Pinus,edulis,0.1773,-0.188,0.6372,NA,NA,NA,NA,NA,NA
107,sand-pine,Pinus,clausa,0.1756,-0.1402,0.6842,NA,NA,NA,NA,NA,NA
108,lodgepole pine,Pinus,contorta var latifolia,0.1645,-0.1397,0.77,0.235,0.232,0.238,5.29,5.177,5.546
109,Coulter pine,Pinus,coulteri,0.1782,-0.1398,0.6907,0.248,0.226,0.433,7.961,4.578,7.968
110,shortleaf pine,Pinus,echinata,0.2356,-0.1404,0.7331,0.407,0.394,0.42,2.768,2.347,3.094
111,slash-pine,Pinus,elliottii,0.1785,-0.1391,0.7925,0.406,0.394,0.413,4.598,4.186,4.848
112,Apache pine,Pinus,engelmannii,0.1364,-0.1398,0.6634,NA,NA,NA,NA,NA,NA
113,limber pine,Pinus,flexilis,0.1703,-0.1392,0.5895,0.314,0.266,0.334,1.871,-6.82,1.947
114,southwestern white pine ,Pinus,strobiformus,0.1865,-0.1392,0.6828,0.038,0.028,0.987,-6.53,-7.81,7.473
115,spruce pine,Pinus,glabra,0.2673,-0.14,0.7058,0.426,0.395,0.546,3.137,0.291,4.067
116,Jeffrey pine,Pinus,jeffreyi,0.1773,-0.1402,0.6977,0.292,0.271,0.291,3.371,2.713,3.975
117,sugar pine,Pinus,lambertiana,0.1509,-0.1401,0.7349,0.365,0.356,0.376,3.803,3.63,4.391
118,Chihuahua pine,Pinus,leiophylla var chihuahuana,0.09448,-0.1396,0.6079,NA,NA,NA,NA,NA,NA
119,western white-pine,Pinus,monticola,0.04624,-0.1404,0.8043,0.172,0.033,0.969,0.622,-7.58,6.95
120,bishop pine,Pinus,muricata,0.1776,-0.1396,0.6901,NA,NA,NA,NA,NA,NA
121,longleaf pine,Pinus,palustris,0.2001,-0.1404,0.7659,0.462,0.443,0.492,4.883,4.476,5.224
122,ponderosa pine,Pinus,ponderosa,0.06788,-0.1403,0.7441,0.314,0.306,0.318,4.614,4.335,4.756
123,Table Mountain-pine,Pinus,pungens,0.2218,-0.1394,0.6883,0.441,0.435,0.519,-2.38,-3.25,-1.38
124,Monterey pine,Pinus,radiata,0.1776,-0.1384,0.6904,NA,NA,NA,NA,NA,NA
125,red pine,Pinus,resinosa,0.2567,-0.1408,0.6522,0.287,0.283,0.29,-1.52,-1.73,-1.17
126,pitch pine,Pinus,rigida,0.197,-0.1412,0.6784,0.485,0.428,0.498,0.245,-0.24,0.908
127,gray pine,Pinus,sabiniana,0.1771,-0.1407,0.6899,0.409,0.378,0.421,4.624,4.183,5.933
128,pond pine,Pinus,serotina,0.2432,-0.1395,0.7453,0.483,0.422,0.504,4.897,4.718,5.355
129,eastern white pine,Pinus,strobus,0.228,-0.1407,0.6755,0.417,0.415,0.419,-1.8,-1.89,-1.49
130,Scotch pine,Pinus,sylvestris,0.2173,-0.1394,0.6544,0.367,0.333,0.385,-1.11,-2,-0.38
131,loblolly pine,Pinus,taeda,0.2401,-0.1397,0.7302,0.355,0.353,0.359,1.711,1.609,1.79
132,Virginia pine,Pinus,virginiana,0.2829,-0.14,0.691,0.427,0.416,0.437,-0.29,-0.45,-0.04
133,singleleaf pinyon,Pinus,monophylla,0.1774,-0.292,0.7446,0.538,0.037,0.933,-4.51,-7.11,7.383
134,border pinyon,Pinus,discolor,0.1777,-0.07711,0.6228,NA,NA,NA,NA,NA,NA
135,Arizona pine,Pinus,ponderosa var arizonica,0.1214,-0.1417,0.6273,NA,NA,NA,NA,NA,NA
136,Austrian pine,Pinus,nigra,0.205,-0.14,0.7224,NA,NA,NA,NA,NA,NA
137,Washoe pine,Pinus,washoensis,0.1783,-0.1387,0.6898,NA,NA,NA,NA,NA,NA
138,four-needle pinyon,Pinus,quadrifolia,0.1777,-0.1398,0.6899,NA,NA,NA,NA,NA,NA
139,Torrey pine,Pinus,torreyana,0.1774,-0.1399,0.6902,NA,NA,NA,NA,NA,NA
140,Mexican pinyon pine,Pinus,cembroides,0.1771,-0.03547,0.583,NA,NA,NA,NA,NA,NA
142,Great Basin,Pinus,longaeva,0.1398,-0.141,0.5744,NA,NA,NA,NA,NA,NA
,bristlecone pine,Pinus,,,,,,NA,NA,NA,NA,NA
143,Arizona pinyon pine,Pinus,monophylla var fallax,0.1769,-0.1721,0.7293,NA,NA,NA,NA,NA,NA
201,bigcone Douglas-fir,Pseudotsuga,macrocarpa,0.1528,-0.1232,0.7315,NA,NA,NA,NA,NA,NA
202,Douglas-fir,Pseudotsuga,menziesii,0.1426,-0.1224,0.7589,0.335,0.333,0.337,2.448,2.328,2.459
211,redwood,Sequoia,sempervirens,0.1641,-0.1212,0.6887,0.355,0.328,0.368,-0.78,-1.87,0.304
212,giant sequoia,Sequoiadendron,giganteum,0.1646,-0.121,0.6882,NA,NA,NA,NA,NA,NA
221,baldcypress,Taxodium,distichum,0.1858,-0.1191,0.7323,0.361,0.35,0.378,-2.38,-3.07,-2.31
222,pondcypress,Taxodium,distichum var nutans,0.198,-0.1194,0.7415,0.623,0.587,0.723,4.663,2.373,5.847
231,Pacific yew,Taxus,brevifolia,0.1519,-0.1208,0.5919,0.803,0.474,0.904,4.703,-2.04,4.597
241,northern white-cedar,Thuja,occidentalis,0.2302,-0.1199,0.6194,0.251,0.245,0.259,-1.84,-2.07,-1.52
242,western redcedar,Thuja,plicata,0.2029,-0.1196,0.6842,0.334,0.331,0.349,-6.29,-7.71,-5.29
251,California torrey,Torreya,californica,0.1646,-0.1209,0.6895,0.445,0.072,0.894,4.621,-7.03,7.312
252,Florida torreya,Torreya,taxifolia,0.164,-0.1216,0.6888,NA,NA,NA,NA,NA,NA
260,hemlock sp.,Tsuga,sp.,0.1454,-0.1218,0.7112,0.426,0.389,0.522,-6.75,-7.95,-3.9
261,eastern hemlock,Tsuga,canadensis,0.2893,-0.1222,0.6058,0.464,0.459,0.477,-4.8,-5.04,-4.31
262,Carolina hemlock,Tsuga,caroliniana,0.1948,-0.1198,0.7325,NA,NA,NA,NA,NA,NA
263,western hemlock,Tsuga,heterophylla,0.1829,-0.1208,0.7327,0.337,0.329,0.34,-2.71,-2.94,-2.31
264,mountain hemlock,Tsuga,mertensiana,-0.05736,-0.1211,0.8255,0.209,0.195,0.212,2.58,1.566,2.818
270,Australian pine,Casuarina,sp.,0.1636,-0.1227,0.6881,NA,NA,NA,NA,NA,NA
299,uknown dead conifer,dead conifer,sp.,0.1639,-0.1215,0.6887,NA,NA,NA,NA,NA,NA
300,acacia sp.,Acacia,sp.,0.4063,-0.05921,0.5516,NA,NA,NA,NA,NA,NA
310,maple sp.,Acer,sp.,0.4863,0.1891,0.5679,0.406,0.063,0.966,-1.52,-6.81,7.612
311,Florida maple,Acer,barbatum,0.4258,0.1903,0.5844,0.639,0.513,0.971,0.479,-4.54,0.492
312,bigleaf maple,Acer,macrophyllum,0.4854,0.1901,0.5231,0.493,0.473,0.506,-1.81,-3.85,-1.06
313,boxelder,Acer,negundo,0.5276,0.1906,0.4269,0.646,0.556,0.646,-0.54,-1.51,-0.52
314,black maple,Acer,nigrum,0.5096,0.1897,0.5369,0.966,0.528,0.979,-1.19,-6.78,1.37
315,striped maple,Acer,pensylvanicum,0.4352,0.1893,0.5372,0.674,0.56,0.856,-1.36,-2.29,-0.38
316,red maple,Acer,rubrum,0.4769,0.1905,0.5641,0.536,0.532,0.536,-1.35,-1.53,-1.28
317,silver maple,Acer,saccharinum,0.4801,0.1901,0.5341,0.486,0.483,0.517,-0.06,-0.6,0.196
318,sugar maple,Acer,saccharum,0.4742,0.1891,0.5743,0.56,0.557,0.562,-2.44,-2.62,-2.31
319,mountain maple,Acer,spicatum,0.351,0.1894,0.5975,0.841,0.602,0.998,-0.77,-7.64,-0.21
320,Norway maple,Acer,platanoides,0.456,0.1898,0.5077,0.6,0.05,0.975,-5.48,-7.52,7.071
321,Rocky Mountain maple,Acer,glabrum,0.4543,0.4822,0.3276,0.778,0.013,0.945,-1.17,-7.53,6.983
322,bigtooth maple,Acer,grandidentatum,0.4535,0.06672,0.6452,0.135,0.037,0.946,-0.51,-7.56,7.118
323,chalk maple,Acer,leucoderme,0.4262,0.1902,0.5812,NA,NA,NA,NA,NA,NA
330,buckeye or horsechestnut,Aesculus,sp.,0.3476,-0.05876,0.6341,NA,NA,NA,NA,NA,NA
331,Ohio buckeye,Aesculus,glabra,0.2854,-0.05975,0.6303,0.446,0.39,0.559,-4.89,-7.78,-0.18
332,yellow buckeye,Aesculus,octandra,0.3314,-0.05865,0.655,0.907,0.698,0.979,0.695,-1.41,0.788
333,California buckeye,Aesculus,californica,0.3492,-0.0577,0.6169,0.372,0.322,0.49,-6.58,-7.74,0.05
334,Texas buckeye,Aesculus,glabra var arguta,0.3298,-0.05798,0.6094,NA,NA,NA,NA,NA,NA
341,ailanthus,Ailanthus,altissima,0.4158,-0.06065,0.6115,0.588,0.51,0.908,-0.4,-2.89,1.613
345,mimosa or silktree,Albizia,julibrissin,0.4686,-0.06105,0.536,NA,NA,NA,NA,NA,NA
351,red alder,Alnus,rubra,0.392,-0.05873,0.6299,0.437,0.417,0.465,3.257,3.173,3.98
352,white alder,Alnus,rhombifolia,0.294,-0.05969,0.5838,0.446,0.412,0.52,3.602,2.806,5.438
355,European alder,Alnus,glutinosa,0.3913,-0.05817,0.5995,0.566,0.396,0.873,-6.22,-7.46,3.299
356,serviceberry,Amelanchier,sp.,0.3863,-0.05938,0.5775,0.534,0.421,0.577,-2.15,-5.08,-2.15
361,Pacific madrone,Arbutus,menziesii,0.2944,-0.05729,0.6054,0.357,0.345,0.381,2.694,2.314,3.038
367,pawpaw,Asimina,triloba,0.3911,-0.05744,0.5464,0.381,0.343,0.821,-7.5,-7.87,1.377
370,birch sp.,Betula,sp.,0.4521,-0.05974,0.5272,0.499,0.416,0.547,-3.12,-7.81,-1.12
371,yellow birch,Betula,alleghaniensis,0.5297,-0.05898,0.471,0.592,0.566,0.592,-2.62,-3.04,-2.37
372,sweet birch,Betula,lenta,0.492,-0.05886,0.5399,0.571,0.54,0.582,-2.79,-2.79,-2.2
373,river birch,Betula,nigra,0.5059,-0.05804,0.5297,0.605,0.525,0.648,-0.74,-1.99,0.347
374,water birch,Betula,occidentalis,0.4538,-0.05893,0.5187,NA,NA,NA,NA,NA,NA
375,paper birch,Betula,papyrifera,0.4423,-0.05837,0.5634,0.435,0.431,0.448,-1.11,-1.2,-0.72
376,western paper birch,Betula,papyrifera var commutata,0.461,-0.05815,0.5283,0.275,0.231,0.553,-6.49,-7.69,1.535
378,northwestern paper birch,Betula,papyrifera var subcordata,0.4612,-0.05911,0.529,NA,NA,NA,NA,NA,NA
379,gray birch,Betula,populifolla,0.4551,-0.05965,0.5319,0.371,0.344,0.461,-2.53,-3.14,-1.38
381,chittamwood or gum bumelia,Bumelia,lanuginosa,0.4455,-0.06075,0.465,0.499,0.416,0.547,-3.12,-7.81,-1.12
391,American hornbeam or musclewood,Carpinus,caroliniana,0.5218,-0.05893,0.4359,0.719,0.661,0.854,-2.83,-3.81,-1.96
400,hickory sp.,Carya,sp.,0.3745,-0.05935,0.6142,0.561,0.51,0.561,-1.31,-2.26,-1.06
401,water hickory,Carya,aquatica,0.4199,-0.05915,0.5596,0.955,0.731,0.997,3.351,0.543,6.162
402,bitternut hickory,Carya,cordiformis,0.3579,-0.05922,0.6582,0.577,0.531,0.604,-0.52,-1.45,-0.16
403,pignut hickory,Carya,glabra,0.3502,-0.0583,0.6749,0.564,0.557,0.592,-0.95,-1.2,-0.4
404,pecan,Carya,illinoensis,0.4088,-0.05929,0.5985,0.715,0.603,0.953,0.011,-1.99,5.354
405,shellbark hickory,Carya,laciniosa,0.3228,-0.05945,0.6823,0.486,0.428,0.525,-5.73,-7.08,-2.7
406,nutmeg hickory,Carya,myristiciformis,0.3792,-0.06027,0.6212,NA,NA,NA,NA,NA,NA
407,shagbark hickory,Carya,ovata,0.3742,-0.06024,0.6423,0.486,0.468,0.507,-1.37,-2.27,-1.24
408,black hickory,Carya,texana,0.3222,-0.06009,0.6448,0.686,0.59,0.763,-0.9,-1.52,0.276
409,mockernut hickory,Carya,tomentosa,0.3633,-0.05892,0.6506,0.599,0.593,0.615,-0.98,-1.5,-0.65
410,sand hickory,Carya,pallida,0.401,-0.05983,0.6379,0.128,0.016,0.832,-1.5,-6.56,6.186
421,American chestnut,Castanea,dentata,0.4201,-0.05873,0.5494,0.457,0.331,0.806,-2.62,-5.98,7.045
422,Allegheny chinkapin,Castanea,pumila,0.455,-0.06017,0.572,NA,NA,NA,NA,NA,NA
423,Ozark chinkapin,Castanea,ozarkensis,0.4227,-0.05954,0.5584,NA,NA,NA,NA,NA,NA
430,western chinkapin sp.,Chrysolepis,sp.,0.3396,-0.06123,0.6171,NA,NA,NA,NA,NA,NA
431,giant or golden chinkapin,Chrysolepis,chrysophylla,0.2263,-0.05854,0.678,0.551,0.418,0.825,1.979,1.036,5.09
450,catalpa sp.,Catalpa,sp.,0.4505,-0.05947,0.5197,0.721,0.022,0.964,-6.18,-7.5,7.578
451,southern catalpa,Catalpa,bignonioides,0.4647,-0.05865,0.4857,0.461,0.021,0.973,-5.04,-7.16,7.541
452,northern catalpa,Catalpa,speciosa,0.4405,-0.0596,0.4915,0.373,0.228,0.772,-3.95,-7.42,7.394
460,hackberry sp.,Celtis,sp.,0.4213,-0.05942,0.5994,0.507,0.467,0.642,-4.6,-6.35,-0.74
461,sugarberry,Celtis,laevigata,0.423,-0.05818,0.5687,0.67,0.576,0.786,-0.31,-2.5,0.794
462,hackberry,Celtis,occidentalis,0.3411,-0.05958,0.6015,0.599,0.586,0.618,-1.91,-2.38,-0.86
463,netleaf hackberry,Celtis,reticulata,0.3995,-0.06015,0.5802,NA,NA,NA,NA,NA,NA
471,eastern redbud,Cercis,canadensis,0.4583,-0.06018,0.4644,0.698,0.449,0.847,-1.18,-4.8,-0.07
475,curlleaf mountain mahogany,Cercocarpus,ledifolius,0.4058,-0.08208,0.5224,0.222,0.042,0.984,-2.46,-7.26,7.557
476,true mountain mahogany,Cercocarpus,montanus,0.406,-0.07093,0.5369,NA,NA,NA,NA,NA,NA
477,hairy mountain mahogany,Cercocarpus,montanus var paucidentatus,0.4065,-0.07072,0.5369,NA,NA,NA,NA,NA,NA
478,birchleaf mountain mahogany,Cercocarpus,montanus var glaber,0.406,-0.07033,0.5366,NA,NA,NA,NA,NA,NA
479,littleleaf mountain mahogany,Cercocarpus,intricatus,0.4063,-0.07038,0.5369,NA,NA,NA,NA,NA,NA
481,yellowwood,Cladrastis,kentukea,0.419,-0.05919,0.5754,0.445,0.018,0.983,3.332,-7.41,6.728
491,flowering dogwood,Cornus,florida,0.4421,-0.05873,0.4583,0.624,0.568,0.713,-3.22,-5.04,-2.69
492,Pacific dogwood,Cornus,nuttallii,0.4243,-0.05798,0.5305,0.981,0.196,0.981,7.113,-7.09,7.611
500,hawthorn sp.,Crataegus,sp.,0.4804,-0.05938,0.3798,0.526,0.436,0.612,-5.33,-7.41,-0.25
501,cockspur hawthorn,Crataegus,crus-galli,0.4104,-0.05887,0.4403,0.593,0.037,0.93,-0.03,-7.78,6.811
502,downy hawthorn,Crataegus,mollis,0.3677,-0.05935,0.5715,0.016,0.089,0.966,-2.55,-7.98,7.639
510,eucalyptus,Eucalyptus,sp.,0.4058,-0.05952,0.5523,NA,NA,NA,NA,NA,NA
521,common persimmon,Diospyros,virginiana,0.3575,-0.05915,0.6226,0.526,0.453,0.577,-0.41,-0.65,0.313
531,American beech,Fagus,grandifolia,0.3989,-0.05996,0.5954,0.626,0.622,0.638,-3.91,-3.94,-3.46
540,ash sp.,Fraxinus,sp.,0.4387,-0.05852,0.5568,0.531,0.49,0.596,-2.76,-3.36,-0.99
541,white ash,Fraxinus,americana,0.4466,-0.0581,0.5645,0.551,0.542,0.557,-0.31,-0.58,-0.13
542,Oregon ash,Fraxinus,latifolia,0.4827,-0.05902,0.5152,0.466,0.444,0.656,-0.03,-1.66,3.717
543,black ash,Fraxinus,nigra,0.4782,-0.05922,0.524,0.374,0.362,0.393,-0.16,-0.61,0.133
544,green ash,Fraxinus,pennsylvanica,0.4525,-0.05826,0.534,0.511,0.488,0.544,-0.66,-1.07,-0.31
545,pumpkin ash,Fraxinus,profunda,0.4486,-0.0592,0.5362,0.073,0.048,0.962,-2.04,-7.55,7.876
546,blue ash,Fraxinus,quadrangulata,0.4345,-0.05896,0.5701,0.532,0.398,0.903,2.933,-0.75,4.911
547,velvet ash,Fraxinus,velutina,0.3443,-0.05945,0.4884,NA,NA,NA,NA,NA,NA
548,Carolina ash,Fraxinus,caroliniana,0.4321,-0.05735,0.5466,NA,NA,NA,NA,NA,NA
551,waterlocust,Gleditsia,aquatica,0.4241,-0.05874,0.5368,0.669,0.42,0.991,-5.7,-6.23,6.25
552,honeylocust,Gleditsia,triacanthos,0.4269,-0.05817,0.5303,0.573,0.504,0.644,-2.6,-4.1,-1.03
555,loblolly-bay,Gordonia,lasianthus,0.3452,-0.05763,0.4855,0.577,0.207,0.656,3.918,0.902,7.243
571,Kentucky coffeetree,Gymnocladus,dioicus,0.4654,-0.05953,0.5639,0.861,0.475,0.886,-2.82,-4.5,3.352
580,silverbell sp.,Halesia,sp.,0.4096,-0.06133,0.6152,0.612,0.367,0.69,-3.64,-6.93,0.221
591,American holly,Ilex,opaca,0.2903,-0.06057,0.6099,0.462,0.413,0.475,-7.13,-7.92,-6.15
600,walnut sp.,Juglans,sp.,0.3463,-0.0588,0.4552,0.435,0.297,0.696,-0.4,-6.77,5.852
601,butternut,Juglans,cinerea,0.4423,-0.05786,0.5323,0.506,0.411,0.625,-2.65,-3.61,-0.42
602,black walnut,Juglans,nigra,0.3885,-0.05877,0.5843,0.653,0.602,0.687,0.511,0.187,0.879
603,California black walnut,Juglans,hindsii,0.3966,-0.05815,0.5304,NA,NA,NA,NA,NA,NA
604,southern California black walnut,Juglans,californica,0.3978,-0.05959,0.5306,NA,NA,NA,NA,NA,NA
605,Texas walnut,Juglans,microcarpa,0.3973,-0.05872,0.5307,NA,NA,NA,NA,NA,NA
611,sweetgum,Liquidambar,styraciflua,0.3699,-0.06079,0.6703,0.432,0.418,0.436,-0.56,-0.59,-0.33
621,yellow-poplar,Liriodendron,tulipifera,0.4368,-0.06007,0.6302,0.489,0.489,0.492,0.799,0.57,0.799
631,tanoak,Lithocarpus,densiflorus,0.3184,-0.06092,0.6164,0.365,0.362,0.375,-2.14,-2.66,-2.14
641,Osage-orange,Maclura,pomifera,0.483,-0.0588,0.4345,0.383,0.367,0.662,-6.98,-7.96,-0.48
650,magnolia sp.,Magnolia,sp.,0.374,-0.06033,0.661,0.497,0.402,0.573,-5.02,-5.95,1.895
651,cucumbertree,Magnolia,acuminata,0.3866,-0.05992,0.6499,0.519,0.469,0.581,0.117,-0.28,1.77
652,southern magnolia,Magnolia,grandiflora,0.3689,-0.06085,0.6003,0.868,0.793,0.997,-0.28,-1.62,0.347
653,sweetbay,Magnolia,virginiana,0.4052,-0.06015,0.6132,0.454,0.412,0.47,-1.35,-1.91,-1.14
654,bigleaf magnolia,Magnolia,macrophylla,0.3704,-0.06013,0.6668,0.97,0.9,0.999,-2.76,-7.46,-0.16
655,mountain magnolia,Magnolia,fraseri,0.4144,-0.06151,0.6318,0.559,0.456,0.681,-6.43,-7.91,-3.72
660,apple sp.,Malus,sp.,0.5128,-0.05854,0.3544,0.35,0.324,0.42,-4.38,-7.64,-1.43
661,Oregon crab apple,Malus,fusca,0.4456,-0.05893,0.4488,0.415,0.011,0.96,-2.34,-7.52,7.046
680,mulberry sp.,Morus,sp.,0.4192,-0.05945,0.4543,0.571,0.425,0.755,-4.82,-7.47,-0.47
681,white mulberry,Morus,alba,0.4507,-0.05869,0.4644,0.712,0.525,0.945,-4.51,-7.87,1.751
682,red mulberry,Morus,rubra,0.4864,-0.05908,0.4418,0.613,0.498,0.758,-1.83,-7.48,-1.74
691,water tupelo,Nyssa,aquatica,0.4224,-0.06097,0.5739,0.485,0.461,0.516,-0.13,-1.55,-0.21
692,Ogeechee tupelo,Nyssa,ogeche,0.3737,-0.0607,0.5925,0.235,0.053,0.977,2.435,-7.01,7.818
693,blackgum,Nyssa,sylvatica,0.3566,-0.06209,0.6207,0.503,0.489,0.521,-1.98,-2.72,-1.78
694,swamp tupelo,Nyssa,sylvatica var biflora,0.464,-0.0602,0.5688,0.47,0.449,0.493,0.391,-0.51,1.217
701,eastern hophornbeam,Ostrya,virginiana,0.4454,-0.05726,0.5438,0.557,0.506,0.604,-3.19,-4.03,-2.39
711,sourwood,Oxydendrum,arboreum,0.3931,-0.06144,0.5876,0.475,0.456,0.494,-2.25,-2.68,-1.92
712,paulownia or empress-tree,Paulownia,tomentosa,0.4665,-0.06016,0.528,0.426,0.313,0.78,-3.95,-5.81,1.851
721,redbay,Persea,borbonia,0.4233,-0.05827,0.5463,0.453,0.382,0.482,-0.92,-1.79,0.002
722,water-elm or planertree,Planera,aquatica,0.385,-0.05934,0.4696,0.82,0.61,0.998,-2.25,-7.4,0.625
730,California sycamore,Platanus,racemosa,0.4402,-0.0582,0.5467,NA,NA,NA,NA,NA,NA
731,sycamore,Platanus,occidentalis,0.4994,-0.05722,0.5417,0.578,0.564,0.621,-0.34,-1.98,-0.17
740,Populus sp.,Populus,sp.,0.4075,-0.05975,0.6047,0.675,0.622,0.735,3.081,1.569,4.218
741,balsam poplar,Populus,balsamifera,0.4062,-0.06004,0.5705,0.345,0.33,0.367,2.04,1.296,2.965
742,eastern cottonwood,Populus,deltoides,0.4512,-0.06039,0.5405,0.599,0.533,0.686,3.46,1.794,4.328
743,bigtooth aspen,Populus,grandidentata,0.4359,-0.06067,0.6066,0.424,0.401,0.44,3.08,2.554,3.605
744,swamp cottonwood,Populus,heterophylla,0.3953,-0.06007,0.5966,0.959,0.881,0.998,-0.43,-3.82,1.792
745,plains cottonwood,Populus,deltoides sp monilifera,0.3975,-0.06066,0.5359,0.358,0.034,0.983,5.419,-7.29,7.666
746,quaking aspen,Populus,tremuloides,0.351,-0.0604,0.6078,0.404,0.394,0.41,1.975,1.815,2.215
747,black cottonwood,Populus,trichocarpa,0.3491,-0.05962,0.6559,0.392,0.331,0.482,6.923,3.349,7.841
748,Fremont or Rio Grande cottonwood,Populus,fremontii,0.3783,-0.06036,0.5398,NA,NA,NA,NA,NA,NA
749,narrowleaf cottonwood,Populus,angustifolia,0.3765,-0.061,0.5156,0.383,0.298,0.421,6.489,3.634,7.123
752,silver poplar,Populus,alba,0.3969,-0.05937,0.5751,NA,NA,NA,NA,NA,NA
755,mesquite sp.,Prosopis,sp.,0.35,-0.128,0.4937,NA,NA,NA,NA,NA,NA
756,western honey mesquite,Prosopis,glandulosa var torreyana,0.3856,-0.1701,0.5051,0.635,0.057,0.984,-3.45,-7.39,7.541
757,velvet mesquite,Prosopis,velutina,0.3853,-0.1444,0.4957,0.885,0.057,0.982,-3.09,-7.92,6.633
758,screwbean mesquite,Prosopis,pubescens,0.3858,-0.1288,0.5115,NA,NA,NA,NA,NA,NA
760,cherry and plum sp.,Prunus,sp.,0.3486,-0.05871,0.6071,0.758,0.194,0.941,-4.01,-7.93,6.164
761,pin cherry,Prunus,pensylvanica,0.4275,-0.05803,0.5369,0.482,0.434,0.546,-0.83,-0.79,-0.2
762,black cherry,Prunus,serotina,0.4527,-0.05745,0.525,0.52,0.516,0.54,-0.96,-1.31,-0.88
763,chokecherry,Prunus,virginiana,0.3539,-0.05971,0.5676,0.803,0.362,0.854,-1.56,-4.45,-0.03
765,Canada plum,Prunus,nigra,0.3846,-0.05842,0.5536,NA,NA,NA,NA,NA,NA
766,wild plum,Prunus,americana,0.3602,-0.0588,0.4735,0.772,0.014,0.921,4.515,-7.82,7.694
768,bitter cherry,Prunus,emarginata,0.3915,-0.05859,0.6802,0.277,0.262,0.353,-1.07,-2.15,0.519
800,oak sp. deciduous,Quercus,sp.,0.3693,-0.0696,0.5332,0.745,0.642,0.991,-5.7,-7.61,1.046
801,coast live oak,Quercus,agrifolia,0.3638,-0.06946,0.579,0.461,0.453,0.481,-1.73,-1.91,-0.68
802,white oak,Quercus,alba,0.3989,-0.06923,0.6029,0.543,0.535,0.552,-1.21,-1.43,-1.08
803,Arizona white oak,Quercus,arizonica,0.3623,-0.097,0.5553,0.477,0.053,0.986,-6.59,-7.3,7.613
804,swamp white oak,Quercus,bicolor,0.4448,-0.06943,0.5482,0.518,0.443,0.67,-4.3,-4.64,-0.1
805,canyon live oak,Quercus,chrysolepis,0.2034,-0.06893,0.5863,0.349,0.326,0.352,-1,-1.13,-0.66
806,scarlet oak,Quercus,coccinea,0.4052,-0.06901,0.5969,0.576,0.557,0.581,-0.62,-0.99,-0.41
807,blue oak,Quercus,douglasii,0.3635,-0.06902,0.5787,0.453,0.44,0.474,4.196,4.24,5.133
808,Durand oak,Quercus,durandii,0.3632,-0.06839,0.6078,0.78,0.571,0.959,-1.39,-4.02,7.748
809,northern pin oak,Quercus,ellipsoidalis,0.4155,-0.06988,0.5438,0.508,0.445,0.563,-2.18,-3.46,-0.62
810,Emory oak,Quercus,emoryi,0.3639,-0.1332,0.5924,0.235,0.009,0.959,-5.59,-7.53,7.574
811,Engelmann oak,Quercus,engelmannii,0.364,-0.0695,0.5794,NA,NA,NA,NA,NA,NA
812,southern red oak,Quercus,falcata var falcata,0.3558,-0.06998,0.631,0.639,0.621,0.642,0.323,-0.14,0.577
813,cherrybark oak,Quercus,falcata var pagodifolia,0.3724,-0.06897,0.6107,0.651,0.544,0.705,2.312,0.051,3.246
814,Gambel oak,Quercus,gambelii,0.3632,-0.09878,0.7387,0.359,0.022,0.964,-5.98,-7.78,7.789
815,Oregon white oak,Quercus,garryana,0.1322,-0.06879,0.6329,0.379,0.362,0.406,2.863,2.527,3.657
816,bear oak or scrub oak,Quercus,ilicifolia,0.3216,-0.06851,0.5612,0.399,0.304,0.997,-5.2,-6.77,0.983
817,shingle oak,Quercus,imbricaria,0.388,-0.06963,0.5743,0.581,0.525,0.636,-0.51,-1.94,-0.01
818,California black oak,Quercus,kelloggii,0.3228,-0.06908,0.5092,0.457,0.433,0.466,2.533,2.081,2.743
819,turkey oak,Quercus,laevis,0.3134,-0.06855,0.5731,0.344,0.32,0.441,-0.84,-1.6,1.683
820,laurel oak,Quercus,laurifolia,0.4013,-0.06834,0.5799,0.634,0.583,0.638,-0.41,-1.33,-0.14
821,California white oak,Quercus,lobata,0.369,-0.06962,0.5842,0.455,0.441,0.532,-4.29,-5.49,-2.75
822,overcup oak,Quercus,lyrata,0.3783,-0.06895,0.5892,0.428,0.391,0.491,-3.27,-6.33,-1.22
823,bur oak,Quercus,macrocarpa,0.3424,-0.06953,0.5546,0.489,0.467,0.492,-1.68,-2.7,-1.68
824,blackjack oak,Quercus,marilandica,0.3371,-0.06795,0.5355,0.38,0.362,0.477,-3.01,-3.13,-1.12
825,swamp chestnut oak,Quercus,michauxii,0.3891,-0.07133,0.6183,0.473,0.461,0.548,-2.13,-4.77,-1.52
826,chinkapin oak,Quercus,muehlenbergii,0.3833,-0.06995,0.5787,0.714,0.687,0.802,-1.76,-3.17,-0.86
827,water oak,Quercus,nigra,0.4053,-0.06958,0.6223,0.59,0.565,0.592,-1.07,-1.4,-0.66
828,Nuttall oak,Quercus,nuttallii,0.4071,-0.06886,0.5985,0.038,0.046,0.894,-2.5,-6.06,5.346
829,Mexican blue oak,Quercus,oblongifolia,0.3637,-0.07205,0.5392,0.777,0.044,0.981,5.993,-7.25,7.325
830,pin oak,Quercus,palustris,0.3969,-0.06978,0.6021,0.45,0.417,0.495,-0.87,-2.96,-0.7
831,willow oak,Quercus,phellos,0.3963,-0.06991,0.5934,0.579,0.558,0.598,-0.53,-1.44,-0.25
832,chestnut oak,Quercus,prinus,0.4206,-0.06931,0.5805,0.509,0.502,0.517,-1.83,-1.93,-1.4
833,northern red oak,Quercus,rubra,0.4363,-0.06878,0.5678,0.538,0.537,0.548,-1.24,-1.29,-0.89
834,Shumard oak,Quercus,shumardii,0.4463,-0.06835,0.5622,0.964,0.869,0.997,0.253,-0.67,2.067
835,post oak,Quercus,stellata,0.3291,-0.07089,0.6147,0.526,0.498,0.529,-1.02,-1.88,-0.96
836,Delta post oak,Quercus,stellata var mississippiensis,0.3746,-0.06882,0.6043,0.312,0.038,0.949,-5.1,-7.37,7.588
837,black oak,Quercus,velutina,0.3725,-0.06928,0.6039,0.507,0.503,0.517,-1.6,-1.6,-1.15
838,live oak,Quercus,virginiana,0.3613,-0.06859,0.5469,0.639,0.633,0.669,-1.13,-2.77,-0.93
839,interior live oak,Quercus,wislizeni,0.3641,-0.07064,0.5801,0.533,0.493,0.6,2.755,2.296,3.167
840,dwarf post oak,Quercus,stellata var margaretta,0.2764,-0.06933,0.6379,0.422,0.242,0.602,3.874,-0.46,4.695
841,dwarf live oak,Quercus,minima,0.3101,-0.07011,0.5181,0.01,0.012,0.97,2.071,-7.9,7.597
842,bluejack oak,Quercus,incana,0.3064,-0.06852,0.556,0.522,0.322,0.822,-0.22,-6.09,1.656
843,silverleaf oak,Quercus,hypoleucoildes,0.3639,0.06204,0.4539,0.516,0.066,0.935,-6.98,-6.81,7.606
844,Oglethorpe oak,Quercus,oglethorpensis,0.3638,-0.06979,0.5791,NA,NA,NA,NA,NA,NA
845,dwarf chinkapin oak,Quercus,prinoides,0.3634,-0.06943,0.5785,NA,NA,NA,NA,NA,NA
846,gray oak,Quercus,grisea,0.3635,-0.07015,0.5791,NA,NA,NA,NA,NA,NA
850,oak evergreen,Quercus,sp.,0.3629,-0.09528,0.53,0.745,0.642,0.991,-5.7,-7.61,1.046
899,scrub oak,Quercus,sp.,0.3638,-0.07045,0.5791,0.419,0.03,0.828,-5.6,-7.4,7.529
901,black locust,Robinia,pseudoacacia,0.4268,-0.05959,0.5418,0.512,0.476,0.526,-0.37,-0.67,-0.03
902,New Mexico locust,Robinia,neomexicana,0.4136,-0.05992,0.5466,NA,NA,NA,NA,NA,NA
911,palmetto sp.,Sabal,sp.,0.4364,-0.05797,0.5914,0.907,0.161,0.985,-0.62,-3.17,6.712
919,western soapberry,Sapindus,drummondii,0.3905,-0.06025,0.5266,NA,NA,NA,NA,NA,NA
920,willow sp.,Salix,sp.,0.4642,-0.06033,0.507,0.224,0.224,0.441,2.521,1.955,6.367
921,peachleaf willow,Salix,amygdaloides,0.3631,-0.06065,0.4677,0.639,0.009,0.955,-2.74,-7.56,7.726
922,black willow,Salix,nigra,0.4914,-0.06072,0.4416,0.523,0.497,0.647,-1.5,-0.97,0.832
923,diamond willow,Salix,eriocephala,0.4304,-0.05882,0.4867,NA,NA,NA,NA,NA,NA
927,white willow,Salix,alba,0.4421,-0.06086,0.4719,0.254,0.018,0.971,7.72,-7.05,7.677
931,sassafras,Sassafras,albidum,0.4113,-0.05929,0.5707,0.45,0.421,0.475,-1.26,-2.02,-0.99
935,American mountain ash,Sorbus,americana,0.4363,-0.06021,0.486,0.556,0.408,0.978,-1.39,-6.5,0.829
936,European mountain ash,Sorbus,aucuparia,0.4172,-0.06018,0.5175,NA,NA,NA,NA,NA,NA
950,basswood sp.,Tilia,sp.,0.3827,-0.05938,0.5871,0.431,0.409,0.5,-3.43,-3.59,-1.3
951,American basswood,Tilia,americana,0.4258,-0.05928,0.5768,0.462,0.449,0.475,-1.28,-1.45,-0.93
952,white basswood,Tilia,heterophylla,0.4142,-0.05891,0.6273,0.88,0.071,0.976,6.009,-7.72,7.293
953,Carolina basswood,Tilia,americana var caroliniana,0.4413,-0.06022,0.596,NA,NA,NA,NA,NA,NA
970,elm sp.,Ulmus,sp.,0.3526,-0.05875,0.5631,0.286,0.286,0.581,-7.64,-6.68,1.082
971,winged elm,Ulmus,alata,0.3401,-0.05744,0.6205,0.717,0.645,0.749,-0.7,-1.84,-0.49
972,American elm,Ulmus,americana,0.4192,-0.05775,0.5523,0.536,0.534,0.571,-1.75,-1.81,-1.15
973,cedar elm,Ulmus,crassifolia,0.37,-0.0577,0.5649,0.135,0.03,0.879,3.652,-7.1,7.717
974,Siberian elm,Ulmus,pumila,0.3404,-0.0571,0.5674,0.457,0.293,0.601,-1.3,-7.49,2.512
975,slippery elm,Ulmus,rubra,0.394,-0.05768,0.6015,0.603,0.539,0.64,-1.02,-2.44,-0.98
976,September elm,Ulmus,serotina,0.4359,-0.05864,0.6239,NA,NA,NA,NA,NA,NA
977,rock elm,Ulmus,thomasii,0.3863,-0.05777,0.6185,0.571,0.413,0.947,0.815,-7.6,4.719
981,California-laurel,Umbellularia,californica,0.481,-0.05967,0.4939,0.605,0.581,0.675,4.048,3.637,4.44
989,mangrove,Rhizophora,mangle,0.4058,-0.06001,0.5514,NA,NA,NA,NA,NA,NA
990,tesota or Arizona-ironwood,Olneya,tesota,0.4063,-0.05628,0.5511,NA,NA,NA,NA,NA,NA
991,saltcedar,Tamarix,sp.,0.406,-0.06027,0.5518,NA,NA,NA,NA,NA,NA
992,melaleuca,Melaleuca,quinquenervia,0.3984,-0.05969,0.5239,0.479,0.008,0.971,-1.71,-7.64,7.136
993,chinaberry,Melia,azedarach,0.4526,-0.05833,0.5408,0.418,0.369,0.804,-5.37,-6.63,1.34
994,Chinese tallowtree,Sapium,sebiferum,0.3878,-0.05995,0.5945,0.336,0.223,0.457,1.951,-1.3,2.776
995,tung-oil-tree,Aleurites,fordii,0.3362,-0.06159,0.6067,NA,NA,NA,NA,NA,NA
996,smoketree,Cotinus,obovatus,0.3649,-0.05874,0.4767,0.162,0.006,0.968,3.363,-7.17,7.051
997,Russian-olive,Elaeagnus,angustifolia,0.3203,-0.05848,0.4891,NA,NA,NA,NA,NA,NA
